{
  "prediction_time": "2025-10-04T22:30:40.797382",
  "current_price": 1592.39,
  "prediction_horizon": 12,
  "has_confidence_intervals": "True",
  "validation_results": {
    "rmse": 3.1935751843770737,
    "mae": 2.4072403140943774,
    "mape": 0.15182647567947116,
    "y_true": "[1582.24 1582.11 1582.02 1580.83 1580.63 1580.99 1580.99 1581.   1580.85\n 1580.48 1580.67 1581.2  1581.55 1582.32 1582.22 1583.19 1583.27 1583.31\n 1583.42 1583.19 1583.16 1583.16 1583.21 1583.22 1583.52 1584.16 1585.69\n 1585.66 1585.6  1586.47 1586.48 1587.27 1588.18 1588.59 1588.73 1589.14\n 1589.8  1590.2  1590.38 1590.7  1590.69 1590.7  1591.22 1591.01 1590.77\n 1590.68 1590.54 1591.96 1592.39]",
    "y_pred": "[1586.2784 1584.9287 1583.0952 1579.5609 1577.2401 1577.8875 1580.2383\n 1581.7988 1580.0433 1577.704  1578.7367 1581.7906 1584.1396 1585.1974\n 1583.1935 1583.8121 1583.6245 1583.1571 1582.8694 1581.5741 1580.7697\n 1581.311  1582.822  1584.8687 1587.0835 1589.9142 1592.9479 1594.3792\n 1594.2054 1593.3713 1591.8492 1590.7805 1590.6304 1590.418  1590.4724\n 1590.7456 1590.9215 1590.4359 1590.3871 1590.2008 1589.791  1589.383\n 1589.708  1589.3387 1588.0269 1587.0732 1586.7562 1591.175  1595.4921]"
  },
  "predictions_summary": {
    "final_price": 1597.969618286514,
    "max_price": 1600.7498431916233,
    "min_price": 1586.6742384865765,
    "price_change_pct": 0.35039269817783364,
    "avg_uncertainty": 19.886591412093647
  }
}