{
  "MSE": 30.9742756366687,
  "RMSE": 5.56545376736423,
  "MAE": 4.226543538159897,
  "R²": 0.999175317634773,
  "MAPE": 0.37058197787792596,
  "Direction_Accuracy": 71.11832444547493,
  "y_true": 