{
  "folds": [
    {
      "fold": 0,
      "n_val": 90,
      "baseline_zero_mse": 2.5541944532324387e-06,
      "baseline_zero_dacc": 0.011111111111111112,
      "baseline_last_mse": 1.6005940842494272e-06,
      "baseline_last_dacc": 0.6888888888888889,
      "model_mse": 9.180565057218256e-07,
      "model_dacc": 0.7555555555555555,
      "direction_binom_pval": 6.246290643815515e-07,
      "backtest_total": -0.097546047206667,
      "backtest_annualized": -0.27312893217866757,
      "backtest_sharpe": -13.13873269716477,
      "backtest_maxdd": 0.09674195719450851,
      "backtest_profit_after_3.6pct": -0.130034389507227
    },
    {
      "fold": 1,
      "n_val": 90,
      "baseline_zero_mse": 2.0822110558407528e-06,
      "baseline_zero_dacc": 0.022222222222222223,
      "baseline_last_mse": 9.654534396240726e-07,
      "baseline_last_dacc": 0.8111111111111111,
      "model_mse": 1.764238180420977e-07,
      "model_dacc": 0.8555555555555555,
      "direction_binom_pval": 1.587637677993717e-12,
      "backtest_total": -0.09276128435938763,
      "backtest_annualized": -0.25973159620628533,
      "backtest_sharpe": -15.30632711823734,
      "backtest_maxdd": 0.0924778531947845,
      "backtest_profit_after_3.6pct": -0.12542187812244976
    },
    {
      "fold": 2,
      "n_val": 90,
      "baseline_zero_mse": 3.641488684699736e-05,
      "baseline_zero_dacc": 0.044444444444444446,
      "baseline_last_mse": 3.2475312618963583e-05,
      "baseline_last_dacc": 0.6,
      "model_mse": 1.3888932083959403e-05,
      "model_dacc": 0.7333333333333333,
      "direction_binom_pval": 5.451024595544623e-06,
      "backtest_total": 0.0739908363301472,
      "backtest_annualized": 0.20717434172441218,
      "backtest_sharpe": 2.4467550114307417,
      "backtest_maxdd": 0.038109046958127335,
      "backtest_profit_after_3.6pct": 0.03532716622226184
    },
    {
      "fold": 3,
      "n_val": 90,
      "baseline_zero_mse": 0.0005161706741884745,
      "baseline_zero_dacc": 0.022222222222222223,
      "baseline_last_mse": 0.0004538339103462729,
      "baseline_last_dacc": 0.7,
      "model_mse": 0.00034348618750392287,
      "model_dacc": 0.7777777777777778,
      "direction_binom_pval": 5.6817825421190045e-08,
      "backtest_total": 0.5631357525409997,
      "backtest_annualized": 1.576780107114799,
      "backtest_sharpe": 4.692841870648696,
      "backtest_maxdd": 0.02591156943543227,
      "backtest_profit_after_3.6pct": 0.5068628654495237
    }
  ]
}