{
  "mse": 3.441138803524859e-05,
  "rmse": 0.005866122061059469,
  "mae": 0.0038378911271756745,
  "r2": 0.599592287606536,
  "directional_accuracy": 0.5806451612903226,
  "n_val": 31
}